number,value,datetime_start,datetime_complete,duration,params_colsample_bytree,params_learning_rate,params_max_depth,params_n_estimators,params_scale_pos_weight,params_subsample,state
0,0.49417745724659273,2026-07-24 16:39:46.988534,2026-07-24 16:39:48.744855,0 days 00:00:01.756321,0.6624074561769746,0.07259248719561363,10,287,2.467983561008608,0.8394633936788146,COMPLETE
1,0.5276235037662341,2026-07-24 16:39:48.745749,2026-07-24 16:39:50.085576,0 days 00:00:01.339827,0.608233797718321,0.05092911283433821,9,129,4.909729556485983,0.8832290311184181,COMPLETE
2,0.5473592217447654,2026-07-24 16:39:50.086532,2026-07-24 16:39:50.764018,0 days 00:00:00.677486,0.7216968971838151,0.016362239850894633,4,517,3.5742692948967134,0.6733618039413735,COMPLETE
3,0.5525641316634352,2026-07-24 16:39:50.764956,2026-07-24 16:39:51.553486,0 days 00:00:00.788530,0.7168578594140873,0.05243180891902853,5,316,3.099085529881075,0.6557975442608167,COMPLETE
4,0.4446965881892943,2026-07-24 16:39:51.554279,2026-07-24 16:39:53.803149,0 days 00:00:02.248870,0.836965827544817,0.017172542103877867,9,328,2.139351238159993,0.8056937753654446,COMPLETE
5,0.536196874393381,2026-07-24 16:39:53.804027,2026-07-24 16:39:55.124586,0 days 00:00:01.320559,0.9862528132298237,0.011926324174062874,4,404,4.425192044349384,0.9795542149013333,COMPLETE
6,0.5465244441247464,2026-07-24 16:39:55.125395,2026-07-24 16:39:55.685987,0 days 00:00:00.560592,0.6488152939379115,0.06378528225249058,3,252,3.4855307303338106,0.7760609974958406,COMPLETE
7,0.5476094890388279,2026-07-24 16:39:55.686641,2026-07-24 16:39:58.523595,0 days 00:00:02.836954,0.7246844304357644,0.020153425505297702,10,117,3.5602040635334324,0.8650089137415928,COMPLETE
8,0.5354623802625906,2026-07-24 16:39:58.524393,2026-07-24 16:39:58.975011,0 days 00:00:00.450618,0.9757995766256756,0.13814017620274424,4,373,4.684482051282947,0.9100531293444458,COMPLETE
9,0.5161273547464574,2026-07-24 16:39:58.975652,2026-07-24 16:40:01.545521,0 days 00:00:02.569869,0.6180909155642152,0.012707942999213693,10,399,2.975990992289793,0.6783931449676581,COMPLETE
10,0.5464968670868185,2026-07-24 16:40:01.546276,2026-07-24 16:40:02.574513,0 days 00:00:01.028237,0.8607466203112714,0.03203999390196693,7,577,4.199595033213562,0.6071847502459279,COMPLETE
11,0.5525894946470781,2026-07-24 16:40:02.575502,2026-07-24 16:40:03.454998,0 days 00:00:00.879496,0.7577990966793822,0.03212762430878716,6,107,3.364313933984169,0.7392679457934307,COMPLETE
12,0.5527291937892524,2026-07-24 16:40:03.455813,2026-07-24 16:40:04.350443,0 days 00:00:00.894630,0.7815343585324473,0.035077813915822986,6,212,3.012576129304697,0.7273145000499233,COMPLETE
13,0.5470180428793944,2026-07-24 16:40:04.351212,2026-07-24 16:40:05.302352,0 days 00:00:00.951140,0.8101383468058979,0.030240596812168494,6,204,2.8234549198474426,0.7382774980993067,COMPLETE
14,0.5494118275235543,2026-07-24 16:40:05.303192,2026-07-24 16:40:06.465120,0 days 00:00:01.161928,0.771021049221758,0.030061046366540004,7,213,3.9825671758768593,0.7371197153065265,COMPLETE
15,0.5234404565577165,2026-07-24 16:40:06.465832,2026-07-24 16:40:07.446348,0 days 00:00:00.980516,0.919197947631607,0.0392854369703887,7,167,2.586605812199586,0.7322318671941304,COMPLETE
16,0.5481775503021932,2026-07-24 16:40:07.447140,2026-07-24 16:40:08.028374,0 days 00:00:00.581234,0.7810641628320903,0.09579135219572962,6,106,3.285956528506657,0.7941252755357423,COMPLETE
17,0.47951075809105154,2026-07-24 16:40:08.029125,2026-07-24 16:40:09.303371,0 days 00:00:01.274246,0.886807619434659,0.02384235173010945,6,179,2.031620500041566,0.6973916191172266,COMPLETE
18,0.548711181985658,2026-07-24 16:40:09.304061,2026-07-24 16:40:10.679458,0 days 00:00:01.375397,0.7498826272841485,0.04208239148277853,8,248,3.8601850008883507,0.7601256168861884,COMPLETE
19,0.538356214663462,2026-07-24 16:40:10.680363,2026-07-24 16:40:11.537667,0 days 00:00:00.857304,0.8036366773816868,0.023132306297354834,5,147,2.637891088790923,0.6038621924983253,COMPLETE
20,0.5526061116173807,2026-07-24 16:40:11.538440,2026-07-24 16:40:12.180014,0 days 00:00:00.641574,0.6889385427604511,0.08174117326716414,5,467,3.291356248710832,0.7099411795981051,COMPLETE
21,0.5486981903033945,2026-07-24 16:40:12.180746,2026-07-24 16:40:12.706214,0 days 00:00:00.525468,0.6720219302259496,0.14663791815660254,5,477,3.2345974138608584,0.7113349365124932,COMPLETE
22,0.5470844786057728,2026-07-24 16:40:12.706848,2026-07-24 16:40:13.726680,0 days 00:00:01.019832,0.6979002135771539,0.080805646714522,6,465,3.810850569651056,0.6337664467409773,COMPLETE
23,0.5532818494282711,2026-07-24 16:40:13.727521,2026-07-24 16:40:14.439294,0 days 00:00:00.711773,0.7517842248725415,0.10621551699215008,5,578,2.8907402916789247,0.7052526031055159,COMPLETE
24,0.5472922688129908,2026-07-24 16:40:14.440184,2026-07-24 16:40:15.159785,0 days 00:00:00.719601,0.689534443848645,0.09325875869588168,3,597,2.8530805605566707,0.646205404747791,COMPLETE
25,0.5354274533267507,2026-07-24 16:40:15.160580,2026-07-24 16:40:15.751484,0 days 00:00:00.590904,0.8069410260856267,0.11813936248480118,5,539,2.441069898669131,0.7035635052517107,COMPLETE
26,0.5483144267148977,2026-07-24 16:40:15.752219,2026-07-24 16:40:16.265153,0 days 00:00:00.512934,0.7431112214919919,0.11070134230815394,4,461,3.100267930291072,0.8347147659430906,COMPLETE
27,0.5095619928550293,2026-07-24 16:40:16.265940,2026-07-24 16:40:16.984031,0 days 00:00:00.718091,0.6422684164238963,0.05714469232026557,5,549,2.2768401485483913,0.769885786924197,COMPLETE
28,0.5391522628947828,2026-07-24 16:40:16.984894,2026-07-24 16:40:17.823815,0 days 00:00:00.838921,0.8406148187599096,0.06810131496352027,7,497,2.754505631111952,0.6786405143485796,COMPLETE
29,0.513997759719108,2026-07-24 16:40:17.824556,2026-07-24 16:40:18.781214,0 days 00:00:00.956658,0.6758080159343097,0.0822141492600973,8,448,2.3850927761383462,0.8160043815050444,COMPLETE
30,0.5487769499841911,2026-07-24 16:40:18.781997,2026-07-24 16:40:19.511208,0 days 00:00:00.729211,0.7844707023078049,0.042487559637817994,3,561,3.055469386379955,0.7018821514208599,COMPLETE
31,0.5524847073672682,2026-07-24 16:40:19.511935,2026-07-24 16:40:20.679345,0 days 00:00:01.167410,0.7586817877548558,0.03453291297542424,6,276,3.377846290719443,0.7486227209707547,COMPLETE
32,0.545133367364281,2026-07-24 16:40:20.680228,2026-07-24 16:40:21.260853,0 days 00:00:00.580625,0.7061731685102342,0.12065280280523814,5,370,3.724637782187299,0.7113753200308071,COMPLETE
33,0.553906769480957,2026-07-24 16:40:21.261572,2026-07-24 16:40:22.151533,0 days 00:00:00.889961,0.7453356419008091,0.046494879979231726,6,421,3.283928339961563,0.7291665208174549,COMPLETE
34,0.5515829934852056,2026-07-24 16:40:22.152477,2026-07-24 16:40:23.022141,0 days 00:00:00.869664,0.7432966099470445,0.05364445010357586,4,518,2.9177598954552604,0.6664540441925895,COMPLETE
35,0.5522359411496595,2026-07-24 16:40:23.022993,2026-07-24 16:40:23.907392,0 days 00:00:00.884399,0.7251235318491533,0.04688968629930033,5,347,3.218499486887828,0.6351519761861185,COMPLETE
36,0.5221504725211553,2026-07-24 16:40:23.909004,2026-07-24 16:40:25.084589,0 days 00:00:01.175585,0.601940283727384,0.0776240867634691,8,404,2.6275749253061083,0.7912287282779729,COMPLETE
37,0.5489214011571065,2026-07-24 16:40:25.085319,2026-07-24 16:40:25.730329,0 days 00:00:00.645010,0.649391534794159,0.06207724416752408,4,429,3.461765446723694,0.6803031428971081,COMPLETE
38,0.5517200631540508,2026-07-24 16:40:25.731075,2026-07-24 16:40:26.787549,0 days 00:00:01.056474,0.7280233672664522,0.02612612242947916,6,305,3.6275329884366565,0.7169384063437213,COMPLETE
39,0.5480571863696492,2026-07-24 16:40:26.788318,2026-07-24 16:40:27.473921,0 days 00:00:00.685603,0.8259250986219566,0.10689495567632537,7,432,3.1507398912706104,0.7655467090282758,COMPLETE
40,0.5523130968215589,2026-07-24 16:40:27.474636,2026-07-24 16:40:28.504829,0 days 00:00:01.030193,0.7820703452875803,0.03742622508825731,5,503,2.956921265937368,0.869800618550114,COMPLETE
41,0.55203524262502,2026-07-24 16:40:28.505806,2026-07-24 16:40:29.495754,0 days 00:00:00.989948,0.7643093430982022,0.04972363983343494,6,137,3.3658704208495083,0.7264395535210809,COMPLETE
42,0.5533173644239465,2026-07-24 16:40:29.496723,2026-07-24 16:40:30.879719,0 days 00:00:01.382996,0.7099466974486406,0.019150138158799575,6,225,3.547987637665744,0.6896300855210834,COMPLETE
43,0.5486173071350748,2026-07-24 16:40:30.880584,2026-07-24 16:40:31.834470,0 days 00:00:00.953886,0.7066416350888587,0.016097908290167703,5,241,3.6220083969553505,0.6582297735653069,COMPLETE
44,0.544059200640255,2026-07-24 16:40:31.835493,2026-07-24 16:40:32.888217,0 days 00:00:01.052724,0.688050259402849,0.010377974131259994,6,281,3.9450075616786213,0.7496478452381864,COMPLETE
45,0.55225858562324,2026-07-24 16:40:32.888971,2026-07-24 16:40:34.608696,0 days 00:00:01.719725,0.7152875614711786,0.016878925689149768,7,347,3.5033879475111025,0.6846784980590328,COMPLETE
46,0.530467568811695,2026-07-24 16:40:34.609501,2026-07-24 16:40:35.699778,0 days 00:00:01.090277,0.7382091298209906,0.01950248051317005,4,222,4.975869396089745,0.9798314572874534,COMPLETE
47,0.4379845146451455,2026-07-24 16:40:35.700746,2026-07-24 16:40:36.362223,0 days 00:00:00.661477,0.6306954673632621,0.01468124826909384,5,182,2.763594414245228,0.9388891680437453,COMPLETE
48,0.5430834750284705,2026-07-24 16:40:36.362966,2026-07-24 16:40:37.067028,0 days 00:00:00.704062,0.6584648525248583,0.09770022091789884,6,532,4.223274009840745,0.6935426596310494,COMPLETE
49,0.5494987709775462,2026-07-24 16:40:37.067738,2026-07-24 16:40:37.925504,0 days 00:00:00.857766,0.6739008281399631,0.06762716601156679,7,571,3.005770014737667,0.7231666009564489,COMPLETE
50,0.5523793264889351,2026-07-24 16:40:37.926333,2026-07-24 16:40:38.913921,0 days 00:00:00.987588,0.7731554719584665,0.02832284631665115,6,309,3.267124592538709,0.7885682854165902,COMPLETE
51,0.552308019832722,2026-07-24 16:40:38.914659,2026-07-24 16:40:39.986896,0 days 00:00:01.072237,0.7887379534297325,0.021334849439107427,6,153,3.405945141853335,0.7436424856845806,COMPLETE
52,0.5521090003411199,2026-07-24 16:40:39.987624,2026-07-24 16:40:40.720461,0 days 00:00:00.732837,0.7295803717476846,0.03450701789512021,5,115,3.1451344338515628,0.7270069729186606,COMPLETE
53,0.5466982967365158,2026-07-24 16:40:40.721297,2026-07-24 16:40:41.253796,0 days 00:00:00.532499,0.7563234117718756,0.12842302314417992,6,200,3.6975538703454793,0.7506902763258007,COMPLETE
54,0.5524028707154365,2026-07-24 16:40:41.254498,2026-07-24 16:40:42.530898,0 days 00:00:01.276400,0.7975124408845778,0.02621359184926969,7,267,3.3177388979868296,0.6907781799873894,COMPLETE
55,0.5515471896789862,2026-07-24 16:40:42.531628,2026-07-24 16:40:43.440262,0 days 00:00:00.908634,0.8221508334152919,0.043600321427883074,6,102,3.5164562009927818,0.7750034715431587,COMPLETE
56,0.5515505143971189,2026-07-24 16:40:43.441138,2026-07-24 16:40:44.026116,0 days 00:00:00.584978,0.7110252460454346,0.08633198923749653,5,374,2.8679538399179823,0.6684394061303387,COMPLETE
57,0.5538733707114467,2026-07-24 16:40:44.026830,2026-07-24 16:40:44.985826,0 days 00:00:00.958996,0.8583157127590567,0.03365663876831837,6,228,3.1925737375911334,0.8136101133534281,COMPLETE
58,0.5534337300367866,2026-07-24 16:40:44.986580,2026-07-24 16:40:46.066297,0 days 00:00:01.079717,0.9285215005678036,0.037808067734547895,7,232,3.037911495839753,0.8100257883076876,COMPLETE
59,0.5382201643851573,2026-07-24 16:40:46.067054,2026-07-24 16:40:47.897976,0 days 00:00:01.830922,0.9083642929665252,0.019066723747483437,8,231,4.793473602822011,0.8322083592399078,COMPLETE
60,0.5238047187901617,2026-07-24 16:40:47.898684,2026-07-24 16:40:48.840350,0 days 00:00:00.941666,0.9530917087977353,0.03768123368940239,7,197,2.5446456313102073,0.8139133543541142,COMPLETE
61,0.5457834264806246,2026-07-24 16:40:48.841096,2026-07-24 16:40:49.746172,0 days 00:00:00.905076,0.9472325068411874,0.058706066862492,7,296,3.040972589968301,0.8692364927485545,COMPLETE
62,0.5465308946531398,2026-07-24 16:40:49.746939,2026-07-24 16:40:50.691938,0 days 00:00:00.944999,0.8632231657557897,0.03298779867450544,6,256,2.754297343916849,0.9397079037771059,COMPLETE
63,0.5433060022414762,2026-07-24 16:40:50.692647,2026-07-24 16:40:52.542422,0 days 00:00:01.849775,0.8766289126979198,0.02868223406700374,9,600,3.2155844372362674,0.8074985680946277,COMPLETE
64,0.5522863769549001,2026-07-24 16:40:52.543151,2026-07-24 16:40:53.254211,0 days 00:00:00.711060,0.9991956626714544,0.04770942771296111,5,180,3.075742377040814,0.8541382654778882,COMPLETE
65,0.548465381097065,2026-07-24 16:40:53.255173,2026-07-24 16:40:54.301004,0 days 00:00:01.045831,0.9047499158015098,0.040194829440305446,7,235,2.9339544996674216,0.6192049811971281,COMPLETE
66,0.5277836886874807,2026-07-24 16:40:54.301712,2026-07-24 16:40:55.138599,0 days 00:00:00.836887,0.9343612151790632,0.02372645999584762,6,262,2.6991949143868985,0.6485588421896227,COMPLETE
67,0.5515906979821513,2026-07-24 16:40:55.139478,2026-07-24 16:40:55.820472,0 days 00:00:00.680994,0.690416367595451,0.07486353737809295,5,216,3.1772304553990454,0.8909039343554143,COMPLETE
68,0.5501694617111222,2026-07-24 16:40:55.821360,2026-07-24 16:40:56.939053,0 days 00:00:01.117693,0.8464834042693978,0.013582265174826762,4,388,3.446871657885213,0.7082731762678919,COMPLETE
69,0.5500319611708893,2026-07-24 16:40:56.939787,2026-07-24 16:40:58.285129,0 days 00:00:01.345342,0.8903927008117059,0.04520698836602403,8,158,3.2971036242383938,0.8274873112069016,COMPLETE
70,0.5507242085215308,2026-07-24 16:40:58.285859,2026-07-24 16:40:59.091970,0 days 00:00:00.806111,0.8182612837488615,0.0541053495296902,6,475,3.586635816119109,0.7579088852134976,COMPLETE
71,0.5502038829865318,2026-07-24 16:40:59.092788,2026-07-24 16:41:00.151831,0 days 00:00:01.059043,0.7408378386538578,0.03590634314273978,6,126,3.7880498029523757,0.7367279112357692,COMPLETE
72,0.5505017361218875,2026-07-24 16:41:00.152578,2026-07-24 16:41:01.362319,0 days 00:00:01.209741,0.7706883662273413,0.03150554955745207,7,328,3.3734917824598902,0.8484432168112981,COMPLETE
73,0.5529366311766727,2026-07-24 16:41:01.363068,2026-07-24 16:41:02.521036,0 days 00:00:01.157968,0.753559255349082,0.03996714517914235,6,169,3.1119819269859796,0.785233785322769,COMPLETE
74,0.5517212841062806,2026-07-24 16:41:02.522269,2026-07-24 16:41:03.459423,0 days 00:00:00.937154,0.967307014074761,0.04123861936412356,5,187,3.097771453429009,0.7975033027586371,COMPLETE
75,0.5173440789046554,2026-07-24 16:41:03.460383,2026-07-24 16:41:06.051925,0 days 00:00:02.591542,0.7010883327316322,0.02607499062801869,10,166,2.8445194896821193,0.7830170908184193,COMPLETE
76,0.5527577967850554,2026-07-24 16:41:06.052670,2026-07-24 16:41:06.800369,0 days 00:00:00.747699,0.7538699961778084,0.08924530398734005,6,213,2.9752423979264977,0.7175079678708426,COMPLETE
77,0.5469744428996154,2026-07-24 16:41:06.801077,2026-07-24 16:41:07.568643,0 days 00:00:00.767566,0.7945227240074042,0.13956400228200674,6,225,2.968936264406592,0.7732242249003649,COMPLETE
78,0.5488280256116432,2026-07-24 16:41:07.569334,2026-07-24 16:41:08.557969,0 days 00:00:00.988635,0.7534026936898465,0.038831890679732035,7,205,3.009940279729435,0.8180119710363176,COMPLETE
79,0.5092847457181974,2026-07-24 16:41:08.558767,2026-07-24 16:41:09.608677,0 days 00:00:01.049910,0.7338578458334333,0.021643755362902143,6,242,2.5364233398481955,0.7198383492131497,COMPLETE
80,0.5517280771712495,2026-07-24 16:41:09.609495,2026-07-24 16:41:10.658980,0 days 00:00:01.049485,0.7496156270896952,0.09981960833835911,6,139,2.878060594089167,0.800779567652884,COMPLETE
81,0.5513398819116627,2026-07-24 16:41:10.659843,2026-07-24 16:41:11.614861,0 days 00:00:00.955018,0.6856448235312284,0.06966724759023707,5,500,3.1643220367612988,0.7073309628595638,COMPLETE
82,0.5494974652449965,2026-07-24 16:41:11.615793,2026-07-24 16:41:12.512613,0 days 00:00:00.896820,0.7203974239540504,0.08814126772232245,6,211,3.293397567375104,0.686262768367785,COMPLETE
83,0.5508299076655022,2026-07-24 16:41:12.513595,2026-07-24 16:41:13.346829,0 days 00:00:00.833234,0.719206811707562,0.115338239944842,5,419,3.118740839491215,0.7600498188905956,COMPLETE
84,0.5492218690169272,2026-07-24 16:41:13.347801,2026-07-24 16:41:14.352751,0 days 00:00:01.004950,0.7441372784944036,0.06233892584554534,6,195,2.791924336304464,0.7029376847466954,COMPLETE
85,0.5451160640769643,2026-07-24 16:41:14.353648,2026-07-24 16:41:15.082993,0 days 00:00:00.729345,0.7642076861139675,0.10578195671282861,5,584,2.691348448816703,0.7353468022416806,COMPLETE
86,0.5525335387405864,2026-07-24 16:41:15.083899,2026-07-24 16:41:16.057423,0 days 00:00:00.973524,0.7731823044255797,0.0503496129522551,4,166,3.210541685029929,0.6741154045896182,COMPLETE
87,0.550105489255464,2026-07-24 16:41:16.058281,2026-07-24 16:41:16.992982,0 days 00:00:00.934701,0.668239570632714,0.09056541097166072,7,519,3.0058193380904825,0.6996076359135128,COMPLETE
88,0.5498551974939293,2026-07-24 16:41:16.993824,2026-07-24 16:41:18.011001,0 days 00:00:01.017177,0.8531292015017744,0.08309206261770881,6,272,3.522872308971343,0.7147463603968901,COMPLETE
89,0.5434419897395394,2026-07-24 16:41:18.011929,2026-07-24 16:41:19.727533,0 days 00:00:01.715604,0.6965760152531878,0.0301788802661585,8,250,2.925201213745294,0.7835735483417272,COMPLETE
90,0.5463739810262455,2026-07-24 16:41:19.728239,2026-07-24 16:41:20.492674,0 days 00:00:00.764435,0.7340636003843006,0.12326322733376749,7,556,3.4310321094901415,0.7265215275120329,COMPLETE
91,0.5525539583976419,2026-07-24 16:41:20.493549,2026-07-24 16:41:21.687273,0 days 00:00:01.193724,0.7635509456655855,0.03139125812008257,6,222,3.336213882089447,0.7419453279197851,COMPLETE
92,0.5531373445568227,2026-07-24 16:41:21.688396,2026-07-24 16:41:22.733120,0 days 00:00:01.044724,0.8118546732534974,0.034887130612268114,6,172,3.240334697051454,0.6956541521755744,COMPLETE
93,0.5530897895532496,2026-07-24 16:41:22.733950,2026-07-24 16:41:23.879434,0 days 00:00:01.145484,0.8305259305799856,0.034595954030593644,6,171,3.248473477190529,0.6900756830641277,COMPLETE
94,0.5535555648941507,2026-07-24 16:41:23.880175,2026-07-24 16:41:24.938427,0 days 00:00:01.058252,0.8317939380450485,0.03633694394400898,6,173,3.1100755761059546,0.6610096514431627,COMPLETE
95,0.5523327276384338,2026-07-24 16:41:24.939242,2026-07-24 16:41:26.044515,0 days 00:00:01.105273,0.8354794549210318,0.036175608333891676,6,171,3.236481939674354,0.6592216106490466,COMPLETE
96,0.5499887861683045,2026-07-24 16:41:26.045264,2026-07-24 16:41:27.120388,0 days 00:00:01.075124,0.8144443086316012,0.03321123193616215,6,123,3.0873248428315754,0.6360700496454895,COMPLETE
97,0.5525153371505854,2026-07-24 16:41:27.121161,2026-07-24 16:41:28.115088,0 days 00:00:00.993927,0.830271930420235,0.04384664490593056,6,140,3.1547749951238298,0.6682159657516767,COMPLETE
98,0.5503010552077005,2026-07-24 16:41:28.116047,2026-07-24 16:41:29.526092,0 days 00:00:01.410045,0.8037126959313372,0.027910553242577615,7,192,3.054968162383532,0.6905814147446189,COMPLETE
99,0.5533761595354054,2026-07-24 16:41:29.526870,2026-07-24 16:41:30.578331,0 days 00:00:01.051461,0.8636704342254463,0.047411281578414524,6,155,3.2693483616559393,0.6489394221589042,COMPLETE
100,0.5519013921659126,2026-07-24 16:41:30.579524,2026-07-24 16:41:31.599181,0 days 00:00:01.019657,0.8657557092888024,0.04706522505431004,6,176,3.26626260971055,0.6218062202824342,COMPLETE
101,0.5501734162300455,2026-07-24 16:41:31.599960,2026-07-24 16:41:32.486285,0 days 00:00:00.886325,0.8487336930916358,0.039569716513967505,6,146,3.687678664747746,0.6454758226127615,COMPLETE
102,0.551797383726898,2026-07-24 16:41:32.487124,2026-07-24 16:41:33.479967,0 days 00:00:00.992843,0.8855136324045338,0.03398211881732809,6,155,3.387113330729342,0.6803968712915351,COMPLETE
103,0.553033932042105,2026-07-24 16:41:33.480695,2026-07-24 16:41:34.506441,0 days 00:00:01.025746,0.8560154313238517,0.04177306344111071,6,205,3.2000856218116414,0.6637978076341353,COMPLETE
104,0.5515874228256044,2026-07-24 16:41:34.507314,2026-07-24 16:41:35.486873,0 days 00:00:00.979559,0.8795228861529633,0.03703068041109643,6,188,3.2117876137193493,0.6529482473951524,COMPLETE
105,0.5481133290122192,2026-07-24 16:41:35.487598,2026-07-24 16:41:36.494766,0 days 00:00:01.007168,0.8687107364879283,0.056293179817924026,7,162,3.4624197976121556,0.6407893094080563,COMPLETE
106,0.5517021292529969,2026-07-24 16:41:36.495529,2026-07-24 16:41:37.270169,0 days 00:00:00.774640,0.8425207180046086,0.04193963343598138,5,116,3.3344372105774513,0.6623405519028376,COMPLETE
107,0.5524216779045809,2026-07-24 16:41:37.270947,2026-07-24 16:41:38.819730,0 days 00:00:01.548783,0.8304817821254817,0.011561454287583855,6,205,3.5588154612401643,0.6788085305912293,COMPLETE
108,0.5508561204486693,2026-07-24 16:41:38.820692,2026-07-24 16:41:39.791259,0 days 00:00:00.970567,0.9003177513984356,0.04907028951426009,7,178,3.125428777801055,0.6180537861007277,COMPLETE
109,0.5524557931609944,2026-07-24 16:41:39.792071,2026-07-24 16:41:40.837252,0 days 00:00:01.045181,0.8523728224535999,0.044275189339308726,6,149,3.2474506287784997,0.6926557865666806,COMPLETE
110,0.5493396956415882,2026-07-24 16:41:40.838067,2026-07-24 16:41:41.696002,0 days 00:00:00.857935,0.9129948346371738,0.038596909897547105,5,229,2.9155162172742295,0.6734689363688318,COMPLETE
111,0.5539369012930181,2026-07-24 16:41:41.696788,2026-07-24 16:41:42.683995,0 days 00:00:00.987207,0.8125231849481124,0.04080736048492558,6,211,3.042000738442707,0.6972157315530118,COMPLETE
112,0.55163900603567,2026-07-24 16:41:42.684799,2026-07-24 16:41:43.525386,0 days 00:00:00.840587,0.8590560290308228,0.05265016227792107,6,237,3.0515149472539704,0.6290496286362234,COMPLETE
113,0.5434456338104088,2026-07-24 16:41:43.526384,2026-07-24 16:41:45.238694,0 days 00:00:01.712310,0.8152102413063687,0.03568746509578592,9,186,3.1662239833984325,0.6560104076735508,COMPLETE
114,0.5526793395967582,2026-07-24 16:41:45.239406,2026-07-24 16:41:46.081401,0 days 00:00:00.841995,0.796530661406611,0.040552600289676353,6,201,3.3086409735168907,0.6991554723417536,COMPLETE
115,0.5530912375518454,2026-07-24 16:41:46.082117,2026-07-24 16:41:46.969291,0 days 00:00:00.887174,0.8350500824080996,0.045869629618102474,6,218,3.09273367917885,0.6858450840857,COMPLETE
116,0.5494988180570547,2026-07-24 16:41:46.970025,2026-07-24 16:41:47.871592,0 days 00:00:00.901567,0.8367927928331579,0.04452613755738229,6,256,2.8256050850125667,0.9931901515715567,COMPLETE
117,0.5469896356523831,2026-07-24 16:41:47.872293,2026-07-24 16:41:49.031672,0 days 00:00:01.159379,0.8070599295127605,0.03212234024265462,7,215,3.024410798847979,0.6841947553136174,COMPLETE
118,0.5507684380158945,2026-07-24 16:41:49.032452,2026-07-24 16:41:49.909506,0 days 00:00:00.877054,0.930330626968602,0.04669961686764612,6,245,3.3935617644790526,0.6684221608864246,COMPLETE
119,0.5537160461875861,2026-07-24 16:41:49.910227,2026-07-24 16:41:51.156743,0 days 00:00:01.246516,0.8246802463451807,0.018507509667922018,6,227,3.1848517195885737,0.6500217745987564,COMPLETE
120,0.5474900826108443,2026-07-24 16:41:51.157526,2026-07-24 16:41:52.325852,0 days 00:00:01.168326,0.8225131446650263,0.015594613782733411,6,454,2.9798516665096724,0.6503258414756636,COMPLETE
121,0.5537925428080069,2026-07-24 16:41:52.326558,2026-07-24 16:41:53.509674,0 days 00:00:01.183116,0.8258837103443322,0.019800496862422374,6,223,3.187638769101309,0.6744831600181321,COMPLETE
122,0.5527286244968009,2026-07-24 16:41:53.510525,2026-07-24 16:41:54.832662,0 days 00:00:01.322137,0.8309087012189276,0.01776261470267931,6,289,2.8986201957831805,0.6915073417539679,COMPLETE
123,0.5528649466750443,2026-07-24 16:41:54.833518,2026-07-24 16:41:55.900760,0 days 00:00:01.067242,0.7890815607662862,0.022519695951935165,6,227,3.095148738441917,0.6780082574925966,COMPLETE
124,0.551810701898489,2026-07-24 16:41:55.901516,2026-07-24 16:41:56.734392,0 days 00:00:00.832876,0.842594408408757,0.0190166541521803,5,487,3.2666954102755774,0.7064322559265448,COMPLETE
125,0.5415363012439953,2026-07-24 16:41:56.735143,2026-07-24 16:41:57.968615,0 days 00:00:01.233472,0.8254918573677534,0.01791337044789407,6,221,4.557463108218734,0.6861405255900279,COMPLETE
126,0.5512602496389926,2026-07-24 16:41:57.969396,2026-07-24 16:41:58.905140,0 days 00:00:00.935744,0.8725006368036244,0.02485263424957634,6,133,3.17324534599503,0.6085851541714183,COMPLETE
127,0.547918735134008,2026-07-24 16:41:58.905911,2026-07-24 16:41:59.734478,0 days 00:00:00.828567,0.8114682572306144,0.020338357271636447,5,234,3.0588216988240875,0.6722797823191977,COMPLETE
128,0.5530576624786173,2026-07-24 16:41:59.735247,2026-07-24 16:42:01.267006,0 days 00:00:01.531759,0.8197246869037741,0.015129052607496966,7,265,3.434214048072236,0.6950471618321009,COMPLETE
129,0.5456324620096252,2026-07-24 16:42:01.267714,2026-07-24 16:42:02.699562,0 days 00:00:01.431848,0.7982837931816663,0.013590089088322729,6,195,4.087706216544521,0.8441242294294167,COMPLETE
130,0.5520899122701155,2026-07-24 16:42:02.700326,2026-07-24 16:42:03.733542,0 days 00:00:01.033216,0.8435715060469803,0.029495042494796425,6,214,3.3383800858687036,0.7105464478030894,COMPLETE
131,0.5517762790954198,2026-07-24 16:42:03.734325,2026-07-24 16:42:05.040339,0 days 00:00:01.306014,0.8343676981015052,0.015396240023504388,7,262,3.4426453885625965,0.6978628826454967,COMPLETE
132,0.5542312440004821,2026-07-24 16:42:05.041092,2026-07-24 16:42:06.532519,0 days 00:00:01.491427,0.7820651445583541,0.017061454593251233,7,253,3.242671061793508,0.6429018580068485,COMPLETE
133,0.5540394249994821,2026-07-24 16:42:06.533369,2026-07-24 16:42:08.007533,0 days 00:00:01.474164,0.790178677443589,0.016341281570975332,7,246,3.2426035828802235,0.6387122746923413,COMPLETE
134,0.5506570879632536,2026-07-24 16:42:08.008357,2026-07-24 16:42:09.217130,0 days 00:00:01.208773,0.7860412878210283,0.017652201040608433,7,245,3.160808314898189,0.6313344479975909,COMPLETE
135,0.5552086385249454,2026-07-24 16:42:09.217834,2026-07-24 16:42:10.620187,0 days 00:00:01.402353,0.8102863339904179,0.016688817634015748,7,281,3.11971285382666,0.6415273982682645,COMPLETE
136,0.5546822657444316,2026-07-24 16:42:10.621106,2026-07-24 16:42:12.726683,0 days 00:00:02.105577,0.7731092895032934,0.013752447753375382,8,280,3.304287555779937,0.6417118098914566,COMPLETE
137,0.5536080071857371,2026-07-24 16:42:12.727471,2026-07-24 16:42:14.439116,0 days 00:00:01.711645,0.7711527423358687,0.014275956205122856,8,276,3.3324948096250955,0.6423041329203185,COMPLETE
138,0.5542188008391241,2026-07-24 16:42:14.439839,2026-07-24 16:42:16.168192,0 days 00:00:01.728353,0.7800367503734592,0.01653788102629348,8,278,3.621347089783378,0.6407803592136881,COMPLETE
139,0.5524081030265138,2026-07-24 16:42:16.168893,2026-07-24 16:42:18.000489,0 days 00:00:01.831596,0.7762096479714661,0.01639829260257818,8,282,3.340659633586387,0.625179411372302,COMPLETE
140,0.5540162980140065,2026-07-24 16:42:18.001240,2026-07-24 16:42:19.816328,0 days 00:00:01.815088,0.7908280818923804,0.0139961266873309,8,299,3.284278424176461,0.6372889025981571,COMPLETE
141,0.5528971904513799,2026-07-24 16:42:19.817024,2026-07-24 16:42:21.459893,0 days 00:00:01.642869,0.7795841817102763,0.014260280144213211,8,303,3.493086175475384,0.6424336540583002,COMPLETE
142,0.5461985538682335,2026-07-24 16:42:21.460737,2026-07-24 16:42:23.256895,0 days 00:00:01.796158,0.7918676235507949,0.011779476756350585,8,327,3.3000047368231002,0.606811019659883,COMPLETE
143,0.5431378898109801,2026-07-24 16:42:23.257852,2026-07-24 16:42:25.805662,0 days 00:00:02.547810,0.8037496309099924,0.013006522217489906,9,275,3.2085709875200426,0.6395625537001035,COMPLETE
144,0.5527174757052284,2026-07-24 16:42:25.806368,2026-07-24 16:42:27.520725,0 days 00:00:01.714357,0.7674685152297879,0.01431456785251906,8,295,3.3836244474629567,0.6138300516369172,COMPLETE
145,0.5482442957299201,2026-07-24 16:42:27.521577,2026-07-24 16:42:29.536709,0 days 00:00:02.015132,0.7826990876818889,0.012504604664891804,8,252,3.1236135801370177,0.6485029353767786,COMPLETE
146,0.5535352459504002,2026-07-24 16:42:29.537514,2026-07-24 16:42:31.293563,0 days 00:00:01.756049,0.7985668982740489,0.01690270127311711,8,290,3.2768541874690063,0.6349235645938275,COMPLETE
147,0.5484362281568399,2026-07-24 16:42:31.294269,2026-07-24 16:42:32.933364,0 days 00:00:01.639095,0.7971290392446982,0.016637495399882574,8,311,3.2086478582341393,0.632578327636189,COMPLETE
148,0.553007528757273,2026-07-24 16:42:32.934111,2026-07-24 16:42:34.796025,0 days 00:00:01.861914,0.7830667505984964,0.015810797565726408,8,286,3.881348332416417,0.6399732686303902,COMPLETE
149,0.5382756748077316,2026-07-24 16:42:34.796861,2026-07-24 16:42:36.893663,0 days 00:00:02.096802,0.802544602533694,0.018684604831576194,9,272,3.1400015245758413,0.6563745332263158,COMPLETE
150,0.5388639874440045,2026-07-24 16:42:36.894395,2026-07-24 16:42:38.973044,0 days 00:00:02.078649,0.7604828882675889,0.010751160874226848,8,322,3.0050246093755986,0.6316826453669666,COMPLETE
151,0.5532016071223881,2026-07-24 16:42:38.973774,2026-07-24 16:42:40.909896,0 days 00:00:01.936122,0.8099598069807509,0.017088078261906708,8,354,3.266905658367294,0.647558651816808,COMPLETE
152,0.5539679837444721,2026-07-24 16:42:40.910718,2026-07-24 16:42:42.877778,0 days 00:00:01.967060,0.7748553154804771,0.013523795996936705,8,299,3.314353153276482,0.6228396501959834,COMPLETE
153,0.5522166869400711,2026-07-24 16:42:42.878548,2026-07-24 16:42:44.980955,0 days 00:00:02.102407,0.7737961046226985,0.013563949437958588,8,290,3.3538208571336177,0.6254417161307144,COMPLETE
154,0.5436365081198201,2026-07-24 16:42:44.981665,2026-07-24 16:42:46.539587,0 days 00:00:01.557922,0.7895122861419224,0.020173213129448725,8,260,3.1862012859170563,0.6143884456110923,COMPLETE
155,0.5532368396379611,2026-07-24 16:42:46.540411,2026-07-24 16:42:48.662081,0 days 00:00:02.121670,0.7672794708317929,0.01455974343385276,8,297,3.288153537864601,0.6380946954507425,COMPLETE
156,0.552990692585477,2026-07-24 16:42:48.662789,2026-07-24 16:42:50.751136,0 days 00:00:02.088347,0.7783839578421223,0.012494544804065472,8,277,3.400613308834789,0.6612475098823036,COMPLETE
157,0.5475892976489173,2026-07-24 16:42:50.751904,2026-07-24 16:42:52.467163,0 days 00:00:01.715259,0.7925345294494665,0.016184842345585468,8,337,3.0711098521836733,0.603563548792271,COMPLETE
158,0.5515231949052201,2026-07-24 16:42:52.468123,2026-07-24 16:42:54.617908,0 days 00:00:02.149785,0.8041270550399547,0.015074943906657392,9,313,3.607004057221525,0.6218456400761163,COMPLETE
159,0.5530530620771195,2026-07-24 16:42:54.618655,2026-07-24 16:42:56.509226,0 days 00:00:01.890571,0.7711873616522215,0.013571472671552448,8,250,3.4730373787921978,0.6520864163389078,COMPLETE
160,0.5530831540286366,2026-07-24 16:42:56.509936,2026-07-24 16:42:57.801982,0 days 00:00:01.292046,0.8186936584984195,0.018479311631273174,7,269,3.2142041188035573,0.6296025907849114,COMPLETE
161,0.5543046010537017,2026-07-24 16:42:57.802838,2026-07-24 16:42:59.160130,0 days 00:00:01.357292,0.7831385885467551,0.017005401439667903,7,239,3.293077807338855,0.6456318495281872,COMPLETE
162,0.5543000391427818,2026-07-24 16:42:59.160849,2026-07-24 16:43:00.288880,0 days 00:00:01.128031,0.7853167205810877,0.017113846091215516,7,236,3.2887287065355735,0.643060101236908,COMPLETE
163,0.5525446229285471,2026-07-24 16:43:00.289613,2026-07-24 16:43:01.443019,0 days 00:00:01.153406,0.7878832792136393,0.016577779235209873,7,241,3.3232739579402173,0.6430076407257302,COMPLETE
164,0.5513788048731499,2026-07-24 16:43:01.443800,2026-07-24 16:43:02.453561,0 days 00:00:01.009761,0.7793272236397388,0.01716726925587816,7,260,3.3547592765485175,0.6583568515878593,COMPLETE
165,0.5530091151747208,2026-07-24 16:43:02.454328,2026-07-24 16:43:04.264245,0 days 00:00:01.809917,0.7602078173333743,0.015711175080335513,8,280,3.254253359573316,0.6353416160639844,COMPLETE
166,0.5518499271766354,2026-07-24 16:43:04.265044,2026-07-24 16:43:05.488099,0 days 00:00:01.223055,0.7951963908331025,0.021337321871526094,7,239,3.1404066204047174,0.6247135406791651,COMPLETE
167,0.5512217498316822,2026-07-24 16:43:05.488941,2026-07-24 16:43:07.123575,0 days 00:00:01.634634,0.8124402785016911,0.014101526866552212,8,251,3.4139232051677078,0.6444229779855635,COMPLETE
168,0.553902247794955,2026-07-24 16:43:07.124298,2026-07-24 16:43:08.482985,0 days 00:00:01.358687,0.7987733827849846,0.019815037324732918,7,291,3.2945998841940844,0.6648843718249624,COMPLETE
169,0.5529899641047669,2026-07-24 16:43:08.483695,2026-07-24 16:43:09.863695,0 days 00:00:01.380000,0.7491219576376235,0.018114841090244763,7,303,3.5087297661335306,0.6641657559701881,COMPLETE
170,0.5528180251175779,2026-07-24 16:43:09.864475,2026-07-24 16:43:11.195094,0 days 00:00:01.330619,0.7731813264205523,0.019912878562739034,7,268,3.201531641678132,0.6500045057650086,COMPLETE
171,0.5533511640640499,2026-07-24 16:43:11.195828,2026-07-24 16:43:12.274835,0 days 00:00:01.079007,0.8027380945193916,0.015214649547032952,7,298,3.2864734638487105,0.6366630942327036,COMPLETE
172,0.5545930950613036,2026-07-24 16:43:12.275571,2026-07-24 16:43:13.710827,0 days 00:00:01.435256,0.7855200878285048,0.017485379214275846,7,289,3.3392427049400784,0.6560719574433357,COMPLETE
173,0.5539280892194604,2026-07-24 16:43:13.711707,2026-07-24 16:43:15.052895,0 days 00:00:01.341188,0.7850187968243302,0.01925176585459582,7,282,3.351022612282893,0.656499690933543,COMPLETE
174,0.5529228051025874,2026-07-24 16:43:15.053682,2026-07-24 16:43:16.551203,0 days 00:00:01.497521,0.7850238935599424,0.020829686661521445,7,284,3.3723468358172415,0.6544738203366731,COMPLETE
175,0.5525823282922556,2026-07-24 16:43:16.551935,2026-07-24 16:43:17.930336,0 days 00:00:01.378401,0.7675407845790108,0.01926441989386336,7,279,3.3338534422983757,0.6662562165437255,COMPLETE
176,0.5511600013896035,2026-07-24 16:43:17.931139,2026-07-24 16:43:19.247041,0 days 00:00:01.315902,0.7836652357391451,0.022291151274113605,7,316,3.558727967768484,0.6161493434860942,COMPLETE
177,0.5504705119618124,2026-07-24 16:43:19.247828,2026-07-24 16:43:20.642965,0 days 00:00:01.395137,0.7917490235612258,0.018281261037535506,7,233,3.4335196099475467,0.8917950140231176,COMPLETE
178,0.5518438160592892,2026-07-24 16:43:20.643830,2026-07-24 16:43:21.970098,0 days 00:00:01.326268,0.7772827270934947,0.017561497357884606,7,258,3.6640726358909204,0.6441524233734387,COMPLETE
179,0.553694547451224,2026-07-24 16:43:21.970894,2026-07-24 16:43:23.447707,0 days 00:00:01.476813,0.7606777510465885,0.01587125157413481,7,266,3.23998604206672,0.6702172689170806,COMPLETE
180,0.5532977005358422,2026-07-24 16:43:23.448475,2026-07-24 16:43:24.924218,0 days 00:00:01.475743,0.7591214481719367,0.016076513982691897,7,245,3.216728868893017,0.6762477731797919,COMPLETE
181,0.5479863917886283,2026-07-24 16:43:24.924929,2026-07-24 16:43:26.253014,0 days 00:00:01.328085,0.7638716294310516,0.012960709169038909,7,272,3.3321154359844165,0.6551547338388815,COMPLETE
182,0.5460341189557103,2026-07-24 16:43:26.253797,2026-07-24 16:43:27.390487,0 days 00:00:01.136690,0.7438057573325326,0.014608333394147917,7,305,3.2574500983578587,0.6690254393794284,COMPLETE
183,0.5525408291502233,2026-07-24 16:43:27.391236,2026-07-24 16:43:28.697824,0 days 00:00:01.306588,0.7756109093589643,0.019447243246656597,7,291,3.1718710352254473,0.6544716887511738,COMPLETE
184,0.5499799379982727,2026-07-24 16:43:28.698717,2026-07-24 16:43:30.241167,0 days 00:00:01.542450,0.7864147127073329,0.016994562456054026,7,228,3.386509129258943,0.9298988194403255,COMPLETE
185,0.5546970458240092,2026-07-24 16:43:30.241997,2026-07-24 16:43:31.757758,0 days 00:00:01.515761,0.7548911249733132,0.015832507263973887,7,264,3.313409421673644,0.6454694271289568,COMPLETE
186,0.5484310384064114,2026-07-24 16:43:31.758499,2026-07-24 16:43:33.077051,0 days 00:00:01.318552,0.7536828554667567,0.016040123763348128,7,255,3.763437137461747,0.660761352345623,COMPLETE
187,0.5538877467076744,2026-07-24 16:43:33.077768,2026-07-24 16:43:34.449649,0 days 00:00:01.371881,0.806958329149871,0.018119040587879973,7,266,3.2379449272464185,0.6476953642061012,COMPLETE
188,0.5525505771177569,2026-07-24 16:43:34.450425,2026-07-24 16:43:35.797868,0 days 00:00:01.347443,0.8055060684157369,0.01833597908546515,7,239,3.1685102292230796,0.6316058299078442,COMPLETE
189,0.5540537506417961,2026-07-24 16:43:35.798652,2026-07-24 16:43:37.375613,0 days 00:00:01.576961,0.8152424937199659,0.020027467099283817,7,283,3.306893041699262,0.6467715075256332,COMPLETE
190,0.5541086129148937,2026-07-24 16:43:37.376414,2026-07-24 16:43:38.983264,0 days 00:00:01.606850,0.7962986771297647,0.017339117220069967,7,284,3.441416879620518,0.6446427983579651,COMPLETE
191,0.5537594264059725,2026-07-24 16:43:38.984067,2026-07-24 16:43:40.478737,0 days 00:00:01.494670,0.7958321747127032,0.017584261162344905,7,297,3.427678715668706,0.6438146896952041,COMPLETE
192,0.55122870072332,2026-07-24 16:43:40.479504,2026-07-24 16:43:41.710151,0 days 00:00:01.230647,0.8101465724567701,0.01983861933145848,7,288,3.5062585106278936,0.6253203794006726,COMPLETE
193,0.5536397420439602,2026-07-24 16:43:41.710882,2026-07-24 16:43:43.056037,0 days 00:00:01.345155,0.7913343997348582,0.016800942100607032,7,281,3.303796725717443,0.6381088216112332,COMPLETE
194,0.5515258328146238,2026-07-24 16:43:43.056835,2026-07-24 16:43:44.443808,0 days 00:00:01.386973,0.7984858263196698,0.023467191337281573,7,266,3.3894711752904336,0.648514062180744,COMPLETE
195,0.5531506656681314,2026-07-24 16:43:44.444634,2026-07-24 16:43:45.740965,0 days 00:00:01.296331,0.817479233321813,0.020921269631616383,7,305,3.3059354411674406,0.6564376305502019,COMPLETE
196,0.5533778832381137,2026-07-24 16:43:45.741670,2026-07-24 16:43:47.251827,0 days 00:00:01.510157,0.7815527047246916,0.015284534091026687,7,255,3.2517067156673582,0.6275664337429775,COMPLETE
197,0.5535623301747145,2026-07-24 16:43:47.252710,2026-07-24 16:43:48.539507,0 days 00:00:01.286797,0.8097028489350756,0.01903772983713507,7,274,3.469236470926541,0.637512023878157,COMPLETE
198,0.5536719293899198,2026-07-24 16:43:48.540353,2026-07-24 16:43:50.023124,0 days 00:00:01.482771,0.8013384100093285,0.017492594146988248,7,288,3.3551729176878284,0.6460994808035784,COMPLETE
199,0.5529997429753023,2026-07-24 16:43:50.023849,2026-07-24 16:43:51.163126,0 days 00:00:01.139277,0.7868860232498042,0.015001814137406,7,263,3.2930502163430404,0.6629961475813908,COMPLETE
200,0.5541862499859108,2026-07-24 16:43:51.163915,2026-07-24 16:43:52.585095,0 days 00:00:01.421180,0.7942359627821349,0.01661672409146404,7,245,3.2305918430606195,0.6526913018200747,COMPLETE
201,0.5542101803280067,2026-07-24 16:43:52.585807,2026-07-24 16:43:54.002931,0 days 00:00:01.417124,0.7937951179223359,0.016484954514685332,7,246,3.251947397272823,0.6482085515071835,COMPLETE
202,0.5528737006646826,2026-07-24 16:43:54.003650,2026-07-24 16:43:55.440845,0 days 00:00:01.437195,0.7929323035044382,0.01645728327475457,7,247,3.2570511925833134,0.6343217257996985,COMPLETE
203,0.552274424892741,2026-07-24 16:43:55.441621,2026-07-24 16:43:56.794412,0 days 00:00:01.352791,0.7790195948490775,0.016734270662184858,7,279,3.403977189386438,0.6524041028169101,COMPLETE
204,0.5544039264162474,2026-07-24 16:43:56.795150,2026-07-24 16:43:58.243220,0 days 00:00:01.448070,0.799356983642304,0.01784273802756454,7,316,3.110902201596888,0.6441175719727643,COMPLETE
205,0.5540840573485432,2026-07-24 16:43:58.243954,2026-07-24 16:43:59.597438,0 days 00:00:01.353484,0.8010747794722594,0.017710185014573217,7,295,3.1117304243195183,0.6401717860283629,COMPLETE
206,0.5525402372860819,2026-07-24 16:43:59.598256,2026-07-24 16:44:01.046592,0 days 00:00:01.448336,0.7999536881647115,0.017515959402592898,7,319,3.0614432794379947,0.6211677024152628,COMPLETE
207,0.5524030887953562,2026-07-24 16:44:01.047344,2026-07-24 16:44:02.525450,0 days 00:00:01.478106,0.793152916643324,0.015576453981967888,7,337,3.12463364915724,0.637938160597274,COMPLETE
208,0.5449615445424538,2026-07-24 16:44:02.526181,2026-07-24 16:44:03.801975,0 days 00:00:01.275794,0.7863913946155306,0.013827413307929793,7,296,3.11915739682436,0.6300689209882061,COMPLETE
209,0.5538005607633668,2026-07-24 16:44:03.802839,2026-07-24 16:44:05.226553,0 days 00:00:01.423714,0.7720438318180379,0.01625063970080869,7,301,3.3475691388443383,0.6468104717018398,COMPLETE
210,0.47561634086721316,2026-07-24 16:44:05.227263,2026-07-24 16:44:06.701238,0 days 00:00:01.473975,0.7799476381036893,0.014885053090069574,7,311,2.2847022941231456,0.6419973486081225,COMPLETE
211,0.5538186638571195,2026-07-24 16:44:06.702012,2026-07-24 16:44:07.946585,0 days 00:00:01.244573,0.8058102985925497,0.018268738579795055,7,287,3.233351900812429,0.655155375448454,COMPLETE
212,0.5538343389594426,2026-07-24 16:44:07.947357,2026-07-24 16:44:09.449024,0 days 00:00:01.501667,0.8114512071584482,0.01752774470342114,7,394,3.2919404398158525,0.6486230974068535,COMPLETE
213,0.5531905784511091,2026-07-24 16:44:09.449756,2026-07-24 16:44:10.583341,0 days 00:00:01.133585,0.7978001665635781,0.01874187150915997,7,414,3.226714610502522,0.641106861182158,COMPLETE
214,0.5535794462742746,2026-07-24 16:44:10.584041,2026-07-24 16:44:12.007408,0 days 00:00:01.423367,0.7896624632691107,0.016749661318949335,7,272,3.3096914381841716,0.660512077902723,COMPLETE
215,0.5507279129208446,2026-07-24 16:44:12.008233,2026-07-24 16:44:13.251824,0 days 00:00:01.243591,0.802248143304985,0.01791341221946903,7,262,3.153274209042141,0.6275731139023171,COMPLETE
216,0.5487919352642302,2026-07-24 16:44:13.252604,2026-07-24 16:44:14.446250,0 days 00:00:01.193646,0.8170000497799805,0.015908937459507992,7,283,3.3768598863822494,0.6154821122831909,COMPLETE
217,0.5529574323388419,2026-07-24 16:44:14.446994,2026-07-24 16:44:15.712335,0 days 00:00:01.265341,0.783067121870459,0.019165259964721973,7,297,3.4490686779718227,0.6337614724330095,COMPLETE
218,0.5548436437406816,2026-07-24 16:44:15.713132,2026-07-24 16:44:17.306992,0 days 00:00:01.593860,0.7902737820614555,0.012985893083211304,7,252,3.222446059328369,0.6507956728850209,COMPLETE
219,0.4400337735020159,2026-07-24 16:44:17.307726,2026-07-24 16:44:18.895235,0 days 00:00:01.587509,0.7901014042524763,0.012528054127613722,7,250,2.0085985471645715,0.6523094145648665,COMPLETE
220,0.5507735931352121,2026-07-24 16:44:18.895992,2026-07-24 16:44:20.797554,0 days 00:00:01.901562,0.768161816014777,0.014269785278437478,8,241,3.091435421846704,0.6412093484860294,COMPLETE
221,0.5429236386226701,2026-07-24 16:44:20.798361,2026-07-24 16:44:22.004516,0 days 00:00:01.206155,0.8046922299250775,0.011267278400234742,7,270,3.2162034379752487,0.6469012104730235,COMPLETE
222,0.5538250308682687,2026-07-24 16:44:22.005212,2026-07-24 16:44:23.570664,0 days 00:00:01.565452,0.7944209185381448,0.013229976080198165,7,262,3.2751209708389317,0.6609867405178564,COMPLETE
223,0.549011880490692,2026-07-24 16:44:23.571395,2026-07-24 16:44:25.157990,0 days 00:00:01.586595,0.7777269181494885,0.012109505400634055,7,280,3.1741678686338584,0.6526512126353788,COMPLETE
224,0.5531551373209942,2026-07-24 16:44:25.158792,2026-07-24 16:44:26.506634,0 days 00:00:01.347842,0.8092549406583899,0.01706804579816226,7,252,3.3295662256330165,0.6360169104720401,COMPLETE
225,0.5385591959945625,2026-07-24 16:44:26.507348,2026-07-24 16:44:29.907989,0 days 00:00:03.400641,0.7972310204289289,0.014973145177317116,10,290,3.2367518546202083,0.6452602813396406,COMPLETE
226,0.5534650801472113,2026-07-24 16:44:29.908719,2026-07-24 16:44:31.629093,0 days 00:00:01.720374,0.7869875333812238,0.01814871998353325,7,269,3.308287325595211,0.6673129801946003,COMPLETE
227,0.5535421417962952,2026-07-24 16:44:31.629895,2026-07-24 16:44:33.105019,0 days 00:00:01.475124,0.8187778228227919,0.016115348631781056,7,237,3.155456971003138,0.6284369846345055,COMPLETE
228,0.5458716805904783,2026-07-24 16:44:33.105843,2026-07-24 16:44:34.775101,0 days 00:00:01.669258,0.7749857733816445,0.017401799590395298,8,307,3.0407920735513416,0.6553923241078599,COMPLETE
229,0.5532742478213075,2026-07-24 16:44:34.775848,2026-07-24 16:44:35.906279,0 days 00:00:01.130431,0.785206156267106,0.020204396750938793,7,256,3.3927286134070527,0.6401083050370382,COMPLETE
230,0.554964731446041,2026-07-24 16:44:35.907050,2026-07-24 16:44:37.297742,0 days 00:00:01.390692,0.8068442504694107,0.01550148266862684,7,277,3.219795831428247,0.6485792774569522,COMPLETE
231,0.5516182835311957,2026-07-24 16:44:37.298443,2026-07-24 16:44:38.476136,0 days 00:00:01.177693,0.8059493761148517,0.015529710152764059,7,276,3.2251732438222973,0.646807603530008,COMPLETE
232,0.5522010257868023,2026-07-24 16:44:38.476885,2026-07-24 16:44:39.559580,0 days 00:00:01.082695,0.7971048996253073,0.01360540668286398,7,292,3.245661484263756,0.6580612399088577,COMPLETE
233,0.5528315637187924,2026-07-24 16:44:39.560459,2026-07-24 16:44:41.047559,0 days 00:00:01.487100,0.8118544227030389,0.0163072193131008,7,283,3.2821017455824855,0.6333278895099884,COMPLETE
234,0.5535505627892765,2026-07-24 16:44:41.048534,2026-07-24 16:44:42.643617,0 days 00:00:01.595083,0.7990630225543252,0.014463386911013955,7,264,3.182377450167105,0.651382983739814,COMPLETE
235,0.5541049013348263,2026-07-24 16:44:42.644417,2026-07-24 16:44:44.018020,0 days 00:00:01.373603,0.79017129534009,0.017059828039663733,7,298,3.342774602976621,0.6408113694530272,COMPLETE
236,0.5535014187676913,2026-07-24 16:44:44.018975,2026-07-24 16:44:45.497897,0 days 00:00:01.478922,0.7906512268178346,0.01684610977212829,7,435,3.342756915393064,0.6400957839190313,COMPLETE
237,0.5522142800423823,2026-07-24 16:44:45.498726,2026-07-24 16:44:47.475096,0 days 00:00:01.976370,0.7794205308022987,0.015212902944684862,8,306,3.364647948959853,0.6245376015032997,COMPLETE
238,0.5531715107889564,2026-07-24 16:44:47.475854,2026-07-24 16:44:48.595348,0 days 00:00:01.119494,0.7854373388375014,0.013003981910781254,7,321,3.4379699175343252,0.6373264489080411,COMPLETE
239,0.5540964620218579,2026-07-24 16:44:48.596203,2026-07-24 16:44:50.018972,0 days 00:00:01.422769,0.7932714966063743,0.017212531290862067,7,293,3.118310149902883,0.6622487489954209,COMPLETE
240,0.5477790636699874,2026-07-24 16:44:50.019679,2026-07-24 16:44:51.346165,0 days 00:00:01.326486,0.7686206746183655,0.015881548222696044,7,299,2.994898193157364,0.6209586450059658,COMPLETE
241,0.5550287563143407,2026-07-24 16:44:51.346866,2026-07-24 16:44:52.821658,0 days 00:00:01.474792,0.7918841585510584,0.01731643546080124,7,292,3.1039249570676883,0.6619171989685468,COMPLETE
242,0.5541341517163797,2026-07-24 16:44:52.822430,2026-07-24 16:44:54.210357,0 days 00:00:01.387927,0.7915377247201104,0.01703180690221054,7,283,3.11392403478092,0.6575222713846892,COMPLETE
243,0.5529436167250039,2026-07-24 16:44:54.211055,2026-07-24 16:44:55.683168,0 days 00:00:01.472113,0.7859074820215606,0.017177436198972027,7,283,3.0951896651630246,0.6590993214269456,COMPLETE
244,0.5542650167568626,2026-07-24 16:44:55.684018,2026-07-24 16:44:57.212328,0 days 00:00:01.528310,0.7917846265560722,0.016496192380569444,7,314,3.116858406742144,0.6525052484272091,COMPLETE
245,0.5530138193871962,2026-07-24 16:44:57.213129,2026-07-24 16:44:58.645990,0 days 00:00:01.432861,0.793974674776377,0.016641781504951266,7,334,3.055766512731299,0.6454147691336843,COMPLETE
246,0.5533221127658752,2026-07-24 16:44:58.646734,2026-07-24 16:45:00.032691,0 days 00:00:01.385957,0.7941816075630959,0.015776192562767695,7,304,3.11644233826937,0.6474813123439033,COMPLETE
247,0.5498109244009063,2026-07-24 16:45:00.033416,2026-07-24 16:45:01.595725,0 days 00:00:01.562309,0.7767007273604424,0.01747906016827735,7,313,2.956357302665479,0.6657261116964576,COMPLETE
248,0.5463172232249782,2026-07-24 16:45:01.596534,2026-07-24 16:45:03.148891,0 days 00:00:01.552357,0.8015924778354755,0.015089695988411742,7,329,3.0362293128430573,0.652876640777404,COMPLETE
249,0.5480649661498572,2026-07-24 16:45:03.149602,2026-07-24 16:45:04.504060,0 days 00:00:01.354458,0.7911065934589799,0.016312103218468793,7,318,3.131699399592828,0.6331211540938413,COMPLETE
250,0.5538250477461225,2026-07-24 16:45:04.504766,2026-07-24 16:45:06.215294,0 days 00:00:01.710528,0.7804717655502996,0.014150139405717096,7,294,3.099658032621162,0.6416607156843643,COMPLETE
251,0.5482317931414566,2026-07-24 16:45:06.216072,2026-07-24 16:45:07.711551,0 days 00:00:01.495479,0.8034029641199864,0.0179139948764756,8,312,3.1584379595842504,0.6727884869780946,COMPLETE
252,0.5463360650670807,2026-07-24 16:45:07.712249,2026-07-24 16:45:09.172466,0 days 00:00:01.460217,0.7914296674065484,0.016821861939538895,7,298,2.983388611505561,0.6524424004807878,COMPLETE
253,0.5498619455393259,2026-07-24 16:45:09.173167,2026-07-24 16:45:10.656675,0 days 00:00:01.483508,0.7718360998522813,0.015264747072789749,7,275,3.0677881444409683,0.6303600775287574,COMPLETE
254,0.5491413412385019,2026-07-24 16:45:10.657661,2026-07-24 16:45:12.298006,0 days 00:00:01.640345,0.8161135138286484,0.018434022802443085,8,291,3.186749820295143,0.6414472192518009,COMPLETE
255,0.5537745613354161,2026-07-24 16:45:12.298747,2026-07-24 16:45:13.810972,0 days 00:00:01.512225,0.7814995665938279,0.01711296339746615,7,309,3.2031102014491224,0.6612537015399973,COMPLETE
256,0.5526259485702836,2026-07-24 16:45:13.811682,2026-07-24 16:45:15.202177,0 days 00:00:01.390495,0.8077909961591104,0.016087873272172492,7,245,3.1270753304548253,0.6488918772647647,COMPLETE
257,0.5533311148876768,2026-07-24 16:45:15.203089,2026-07-24 16:45:16.603077,0 days 00:00:01.399988,0.7966406648640153,0.014494544576797086,7,286,3.191440725299431,0.6366514352839544,COMPLETE
258,0.5499208243717164,2026-07-24 16:45:16.603800,2026-07-24 16:45:18.017507,0 days 00:00:01.413707,0.7877200701737008,0.01768276583197189,7,300,3.0746570130202757,0.656057631225811,COMPLETE
259,0.55375764160764,2026-07-24 16:45:18.018196,2026-07-24 16:45:19.447265,0 days 00:00:01.429069,0.8044357852169526,0.016494039383192216,7,274,3.2710191508276405,0.6434941346922539,COMPLETE
260,0.5535396706247505,2026-07-24 16:45:19.448040,2026-07-24 16:45:21.054482,0 days 00:00:01.606442,0.7749399743532801,0.015459723323732381,7,254,3.0292113780749834,0.6663781002827333,COMPLETE
261,0.551533447741452,2026-07-24 16:45:21.055194,2026-07-24 16:45:22.310090,0 days 00:00:01.254896,0.792920014339559,0.01845359181796628,7,235,3.1281313798075288,0.6318373062579593,COMPLETE
262,0.516213237188026,2026-07-24 16:45:22.310789,2026-07-24 16:45:22.945653,0 days 00:00:00.634864,0.8212149143592076,0.013732717172255464,3,322,3.2088487882732837,0.6237459013186291,COMPLETE
263,0.5451317352480366,2026-07-24 16:45:22.946387,2026-07-24 16:45:24.444283,0 days 00:00:01.497896,0.782525293751472,0.01703156680420477,8,285,3.2704512821749177,0.610934214099906,COMPLETE
264,0.553540225426441,2026-07-24 16:45:24.444983,2026-07-24 16:45:25.967971,0 days 00:00:01.522988,0.8122554121045901,0.015889842952257333,7,273,3.153318866682357,0.650991783647688,COMPLETE
265,0.5392672767235563,2026-07-24 16:45:25.968701,2026-07-24 16:45:27.845739,0 days 00:00:01.877038,0.8017542006070962,0.014697029273574776,8,296,2.942603136687245,0.6417886355727687,COMPLETE
266,0.5530622728134809,2026-07-24 16:45:27.846517,2026-07-24 16:45:29.161451,0 days 00:00:01.314934,0.7656524084927562,0.017474500697037803,7,260,3.3039583765101126,0.6609447652507996,COMPLETE
267,0.5444852647073476,2026-07-24 16:45:29.162148,2026-07-24 16:45:30.430708,0 days 00:00:01.268560,0.790957592106728,0.018809301882575943,7,247,4.309294948430746,0.6355046474415932,COMPLETE
268,0.5521970271310322,2026-07-24 16:45:30.431446,2026-07-24 16:45:31.618830,0 days 00:00:01.187384,0.7983982810973966,0.016319995488744774,7,306,3.237536248554392,0.6508233772401054,COMPLETE
269,0.5516870105844572,2026-07-24 16:45:31.619640,2026-07-24 16:45:33.144457,0 days 00:00:01.524817,0.7810297512541671,0.014950454862745769,7,290,3.0984824705615894,0.6438068280709431,COMPLETE
270,0.4993292700537267,2026-07-24 16:45:33.145145,2026-07-24 16:45:34.124552,0 days 00:00:00.979407,0.7714821184434912,0.012328325657710778,7,279,3.0118100069461597,0.6711860323049552,COMPLETE
271,0.5508532604361173,2026-07-24 16:45:34.125238,2026-07-24 16:45:35.717887,0 days 00:00:01.592649,0.8130593560112896,0.018054912083637232,8,268,3.640348729140408,0.6288205703534225,COMPLETE
272,0.5549423374829593,2026-07-24 16:45:35.718670,2026-07-24 16:45:37.462374,0 days 00:00:01.743704,0.7869316193242858,0.013248845124326305,7,232,3.17772837013133,0.6590354177811256,COMPLETE
273,0.5436302771972384,2026-07-24 16:45:37.463157,2026-07-24 16:45:38.557177,0 days 00:00:01.094020,0.7874345395861378,0.013592536249683018,7,229,3.191877822151665,0.6602756222189722,COMPLETE
274,0.550686926177356,2026-07-24 16:45:38.557879,2026-07-24 16:45:39.555986,0 days 00:00:00.998107,0.7778873211657876,0.013055774186707841,7,239,3.333243450396579,0.6586554419144802,COMPLETE
275,0.5520044621980528,2026-07-24 16:45:39.556775,2026-07-24 16:45:40.995711,0 days 00:00:01.438936,0.7639534407215007,0.0116665507255312,7,249,3.288119436492171,0.6507084532805218,COMPLETE
276,0.5529583390048982,2026-07-24 16:45:40.996477,2026-07-24 16:45:42.548194,0 days 00:00:01.551717,0.7933492753401007,0.018972188482318453,7,258,3.226961935981042,0.6788230707485653,COMPLETE
277,0.5524479420117075,2026-07-24 16:45:42.548909,2026-07-24 16:45:44.047555,0 days 00:00:01.498646,0.7876539149071928,0.016722359519318702,7,318,3.401167639998939,0.6656662461569817,COMPLETE
278,0.5530570682413904,2026-07-24 16:45:44.048482,2026-07-24 16:45:45.203577,0 days 00:00:01.155095,0.7976694255730618,0.015641167604680466,7,299,3.5381329438860316,0.6414635091835322,COMPLETE
279,0.5530503683538558,2026-07-24 16:45:45.204276,2026-07-24 16:45:46.899678,0 days 00:00:01.695402,0.7758076091638707,0.014486215629323848,7,280,3.153731688079053,0.6529048850388073,COMPLETE
280,0.5542367319120781,2026-07-24 16:45:46.900494,2026-07-24 16:45:48.368792,0 days 00:00:01.468298,0.7862232570459929,0.017733304453362797,7,233,3.2666825605891963,0.6362450186671778,COMPLETE
281,0.5547401525445749,2026-07-24 16:45:48.369647,2026-07-24 16:45:49.844840,0 days 00:00:01.475193,0.8025926346573174,0.01755065759409239,7,227,3.188449017501676,0.6370467178773042,COMPLETE
282,0.5549492116504419,2026-07-24 16:45:49.845661,2026-07-24 16:45:51.506621,0 days 00:00:01.660960,0.8036093020999452,0.017520392914223686,7,232,3.1562138186478936,0.647071122214401,COMPLETE
283,0.5536839654753827,2026-07-24 16:45:51.507394,2026-07-24 16:45:53.021527,0 days 00:00:01.514133,0.8053294146106266,0.01970158896415775,7,225,3.1059161252794345,0.6567859879026096,COMPLETE
284,0.5545024290236302,2026-07-24 16:45:53.022377,2026-07-24 16:45:54.461409,0 days 00:00:01.439032,0.8028257574614436,0.017912712185246014,7,220,3.149715612967289,0.6472684837989009,COMPLETE
285,0.5531303539505061,2026-07-24 16:45:54.462141,2026-07-24 16:45:56.134101,0 days 00:00:01.671960,0.8039219480162652,0.018071134273954827,7,222,3.1161543617250946,0.6676258883757931,COMPLETE
286,0.5545525079897938,2026-07-24 16:45:56.135143,2026-07-24 16:45:57.783383,0 days 00:00:01.648240,0.7992882443275868,0.017451878719575792,7,219,3.1860797259184146,0.6467156058720218,COMPLETE
287,0.5496999736682938,2026-07-24 16:45:57.784182,2026-07-24 16:45:59.004007,0 days 00:00:01.219825,0.7978574466187728,0.017170342791148128,7,213,3.1677157134601908,0.6567693934654765,COMPLETE
288,0.5534234498026552,2026-07-24 16:45:59.004768,2026-07-24 16:46:00.511594,0 days 00:00:01.506826,0.7818581700527996,0.01872538744307826,7,215,3.1864655596343305,0.6473782680851712,COMPLETE
289,0.551644470897222,2026-07-24 16:46:00.512321,2026-07-24 16:46:02.126637,0 days 00:00:01.614316,0.7947475930338008,0.01758466860688736,7,230,3.8691583420061386,0.6617456020783549,COMPLETE
290,0.5490563173171311,2026-07-24 16:46:02.127429,2026-07-24 16:46:03.524574,0 days 00:00:01.397145,0.7865760549606821,0.01702040471074232,7,208,3.207736901202379,0.6753332615500567,COMPLETE
291,0.5517158295746439,2026-07-24 16:46:03.525283,2026-07-24 16:46:04.918860,0 days 00:00:01.393577,0.8079943813488643,0.018808109523339257,7,221,3.0537157192082796,0.6495695806885675,COMPLETE
292,0.5512599807654422,2026-07-24 16:46:04.919605,2026-07-24 16:46:06.384592,0 days 00:00:01.464987,0.7978467935978167,0.01649529966667424,7,235,3.7253132316225264,0.6344983376579063,COMPLETE
293,0.5543228457161248,2026-07-24 16:46:06.385571,2026-07-24 16:46:08.047896,0 days 00:00:01.662325,0.8231202603719491,0.017896876182418774,7,234,3.162193770217363,0.6454571956962935,COMPLETE
294,0.5537917142578248,2026-07-24 16:46:08.049111,2026-07-24 16:46:09.718540,0 days 00:00:01.669429,0.8269624336652479,0.018394405011733662,7,233,3.2379104552056845,0.6443076970076943,COMPLETE
295,0.5539107340884807,2026-07-24 16:46:09.719405,2026-07-24 16:46:11.368085,0 days 00:00:01.648680,0.8158395862062436,0.015726568357991456,7,220,3.20733711831988,0.6534420309062613,COMPLETE
296,0.5511245767517418,2026-07-24 16:46:11.369009,2026-07-24 16:46:13.018537,0 days 00:00:01.649528,0.8208015158248035,0.017775917042436445,7,239,3.1504353196105552,0.6324747331128825,COMPLETE
297,0.5535806928261464,2026-07-24 16:46:13.019359,2026-07-24 16:46:14.320117,0 days 00:00:01.300758,0.8087803854480935,0.02067941255879052,7,205,3.2544020504587885,0.6434603371818389,COMPLETE
298,0.5527613089145181,2026-07-24 16:46:14.321102,2026-07-24 16:46:15.709513,0 days 00:00:01.388411,0.7833779320697924,0.016463811138359343,7,228,3.1654812253791076,0.6369826842633249,COMPLETE
299,0.5523457660781809,2026-07-24 16:46:15.710330,2026-07-24 16:46:17.137395,0 days 00:00:01.427065,0.8029106305169968,0.019136682353361936,7,243,3.0773381001056315,0.6487642428759853,COMPLETE
